Team,Year,Error
Arizona Cardinals,1990,Request failed: 404 Client Error: Not Found for url: https://en.wi
Arizona Cardinals,1989,Request failed: 404 Client Error: Not Found for url: https://en.wi
Arizona Cardinals,1986,Request failed: 404 Client Error: Not Found for url: https://en.wi
Arizona Cardinals,1982,Request failed: 404 Client Error: Not Found for url: https://en.wi
Arizona Cardinals,1981,Request failed: 404 Client Error: Not Found for url: https://en.wi
Arizona Cardinals,1983,Request failed: 404 Client Error: Not Found for url: https://en.wi
Arizona Cardinals,1985,Request failed: 404 Client Error: Not Found for url: https://en.wi
Baltimore Ravens,1980,Request failed: 404 Client Error: Not Found for url: https://en.wi
Baltimore Ravens,1981,Request failed: 404 Client Error: Not Found for url: https://en.wi
Baltimore Ravens,1986,Request failed: 404 Client Error: Not Found for url: https://en.wi
Arizona Cardinals,1992,Request failed: 404 Client Error: Not Found for url: https://en.wi
Baltimore Ravens,1983,Request failed: 404 Client Error: Not Found for url: https://en.wi
Baltimore Ravens,1982,Request failed: 404 Client Error: Not Found for url: https://en.wi
Baltimore Ravens,1993,Request failed: 404 Client Error: Not Found for url: https://en.wi
Baltimore Ravens,1985,Request failed: 404 Client Error: Not Found for url: https://en.wi
Baltimore Ravens,1988,Request failed: 404 Client Error: Not Found for url: https://en.wi
Arizona Cardinals,1991,Request failed: 404 Client Error: Not Found for url: https://en.wi
Baltimore Ravens,1987,Request failed: 404 Client Error: Not Found for url: https://en.wi
Baltimore Ravens,1984,Request failed: 404 Client Error: Not Found for url: https://en.wi
Baltimore Ravens,1994,Request failed: 404 Client Error: Not Found for url: https://en.wi
Baltimore Ravens,1990,Request failed: 404 Client Error: Not Found for url: https://en.wi
Baltimore Ravens,1989,Request failed: 404 Client Error: Not Found for url: https://en.wi
Baltimore Ravens,1995,Request failed: 404 Client Error: Not Found for url: https://en.wi
Carolina Panthers,1980,Request failed: 404 Client Error: Not Found for url: https://en.wi
Carolina Panthers,1984,Request failed: 404 Client Error: Not Found for url: https://en.wi
Carolina Panthers,1982,Request failed: 404 Client Error: Not Found for url: https://en.wi
Carolina Panthers,1983,Request failed: 404 Client Error: Not Found for url: https://en.wi
Baltimore Ravens,1992,Request failed: 404 Client Error: Not Found for url: https://en.wi
Baltimore Ravens,1991,Request failed: 404 Client Error: Not Found for url: https://en.wi
Carolina Panthers,1986,Request failed: 404 Client Error: Not Found for url: https://en.wi
Carolina Panthers,1990,Request failed: 404 Client Error: Not Found for url: https://en.wi
Carolina Panthers,1981,Request failed: 404 Client Error: Not Found for url: https://en.wi
Carolina Panthers,1992,Request failed: 404 Client Error: Not Found for url: https://en.wi
Carolina Panthers,1988,Request failed: 404 Client Error: Not Found for url: https://en.wi
Carolina Panthers,1985,Request failed: 404 Client Error: Not Found for url: https://en.wi
Carolina Panthers,1989,Request failed: 404 Client Error: Not Found for url: https://en.wi
Carolina Panthers,1987,Request failed: 404 Client Error: Not Found for url: https://en.wi
Carolina Panthers,1991,Request failed: 404 Client Error: Not Found for url: https://en.wi
Arizona Cardinals,1993,Request failed: 404 Client Error: Not Found for url: https://en.wi
Carolina Panthers,1994,Request failed: 404 Client Error: Not Found for url: https://en.wi
Carolina Panthers,1993,Request failed: 404 Client Error: Not Found for url: https://en.wi
Arizona Cardinals,1984,Request failed: 404 Client Error: Not Found for url: https://en.wi
Arizona Cardinals,1987,Request failed: 404 Client Error: Not Found for url: https://en.wi
Buffalo Bills,2003,No staff data found
Buffalo Bills,1997,No staff data found
Buffalo Bills,2004,No staff data found
Chicago Bears,1982,No staff data found
Arizona Cardinals,1980,No staff data found
Baltimore Ravens,2006,No staff data found
Chicago Bears,1981,No staff data found
Cleveland Browns,1983,No staff data found
Cincinnati Bengals,1986,No staff data found
Chicago Bears,1988,No staff data found
Chicago Bears,1980,No staff data found
Baltimore Ravens,2007,No staff data found
Chicago Bears,1987,No staff data found
Cincinnati Bengals,1988,No staff data found
Buffalo Bills,2007,No staff data found
Dallas Cowboys,1980,No staff data found
Dallas Cowboys,1987,No staff data found
Chicago Bears,2004,No staff data found
Dallas Cowboys,1990,No staff data found
Dallas Cowboys,1989,No staff data found
Dallas Cowboys,1997,No staff data found
Houston Texans,1980,Request failed: 404 Client Error: Not Found for url: https://en.wi
Dallas Cowboys,1998,No staff data found
Houston Texans,1983,Request failed: 404 Client Error: Not Found for url: https://en.wi
Houston Texans,1981,Request failed: 404 Client Error: Not Found for url: https://en.wi
Dallas Cowboys,1986,No staff data found
Houston Texans,1984,Request failed: 404 Client Error: Not Found for url: https://en.wi
Dallas Cowboys,1996,No staff data found
Houston Texans,1985,Request failed: 404 Client Error: Not Found for url: https://en.wi
Houston Texans,1989,Request failed: 404 Client Error: Not Found for url: https://en.wi
Dallas Cowboys,1982,No staff data found
Houston Texans,1986,Request failed: 404 Client Error: Not Found for url: https://en.wi
Houston Texans,1988,Request failed: 404 Client Error: Not Found for url: https://en.wi
Houston Texans,1982,Request failed: 404 Client Error: Not Found for url: https://en.wi
Houston Texans,1987,Request failed: 404 Client Error: Not Found for url: https://en.wi
Dallas Cowboys,2000,No staff data found
Houston Texans,1990,Request failed: 404 Client Error: Not Found for url: https://en.wi
Houston Texans,1993,Request failed: 404 Client Error: Not Found for url: https://en.wi
Houston Texans,1994,Request failed: 404 Client Error: Not Found for url: https://en.wi
Dallas Cowboys,1981,No staff data found
Houston Texans,1996,Request failed: 404 Client Error: Not Found for url: https://en.wi
Houston Texans,1991,Request failed: 404 Client Error: Not Found for url: https://en.wi
Houston Texans,1992,Request failed: 404 Client Error: Not Found for url: https://en.wi
Houston Texans,1995,Request failed: 404 Client Error: Not Found for url: https://en.wi
Houston Texans,2001,Request failed: 404 Client Error: Not Found for url: https://en.wi
Houston Texans,2000,Request failed: 404 Client Error: Not Found for url: https://en.wi
Houston Texans,1997,Request failed: 404 Client Error: Not Found for url: https://en.wi
Dallas Cowboys,1994,No staff data found
Cincinnati Bengals,2008,No staff data found
Houston Texans,1999,Request failed: 404 Client Error: Not Found for url: https://en.wi
Houston Texans,1998,Request failed: 404 Client Error: Not Found for url: https://en.wi
Dallas Cowboys,1999,No staff data found
Dallas Cowboys,2004,No staff data found
Indianapolis Colts,1981,Request failed: 404 Client Error: Not Found for url: https://en.wi
Detroit Lions,1981,No staff data found
Jacksonville Jaguars,1982,Request failed: 404 Client Error: Not Found for url: https://en.wi
Indianapolis Colts,1983,Request failed: 404 Client Error: Not Found for url: https://en.wi
Indianapolis Colts,1982,Request failed: 404 Client Error: Not Found for url: https://en.wi
Jacksonville Jaguars,1983,Request failed: 404 Client Error: Not Found for url: https://en.wi
Jacksonville Jaguars,1980,Request failed: 404 Client Error: Not Found for url: https://en.wi
Jacksonville Jaguars,1987,Request failed: 404 Client Error: Not Found for url: https://en.wi
Jacksonville Jaguars,1986,Request failed: 404 Client Error: Not Found for url: https://en.wi
Jacksonville Jaguars,1984,Request failed: 404 Client Error: Not Found for url: https://en.wi
Jacksonville Jaguars,1985,Request failed: 404 Client Error: Not Found for url: https://en.wi
Jacksonville Jaguars,1990,Request failed: 404 Client Error: Not Found for url: https://en.wi
Jacksonville Jaguars,1988,Request failed: 404 Client Error: Not Found for url: https://en.wi
Jacksonville Jaguars,1992,Request failed: 404 Client Error: Not Found for url: https://en.wi
Jacksonville Jaguars,1989,Request failed: 404 Client Error: Not Found for url: https://en.wi
Jacksonville Jaguars,1994,Request failed: 404 Client Error: Not Found for url: https://en.wi
Jacksonville Jaguars,1991,Request failed: 404 Client Error: Not Found for url: https://en.wi
Detroit Lions,1986,No staff data found
Jacksonville Jaguars,1993,Request failed: 404 Client Error: Not Found for url: https://en.wi
Jacksonville Jaguars,1981,Request failed: 404 Client Error: Not Found for url: https://en.wi
Dallas Cowboys,1984,No staff data found
Las Vegas Raiders,1984,Request failed: 404 Client Error: Not Found for url: https://en.wi
Las Vegas Raiders,1985,Request failed: 404 Client Error: Not Found for url: https://en.wi
Las Vegas Raiders,1987,Request failed: 404 Client Error: Not Found for url: https://en.wi
Las Vegas Raiders,1983,Request failed: 404 Client Error: Not Found for url: https://en.wi
Las Vegas Raiders,1989,Request failed: 404 Client Error: Not Found for url: https://en.wi
Las Vegas Raiders,1986,Request failed: 404 Client Error: Not Found for url: https://en.wi
Las Vegas Raiders,1992,Request failed: 404 Client Error: Not Found for url: https://en.wi
Las Vegas Raiders,1991,Request failed: 404 Client Error: Not Found for url: https://en.wi
Las Vegas Raiders,1996,Request failed: 404 Client Error: Not Found for url: https://en.wi
Las Vegas Raiders,1988,Request failed: 404 Client Error: Not Found for url: https://en.wi
Las Vegas Raiders,1998,Request failed: 404 Client Error: Not Found for url: https://en.wi
Las Vegas Raiders,1997,Request failed: 404 Client Error: Not Found for url: https://en.wi
Las Vegas Raiders,2003,Request failed: 404 Client Error: Not Found for url: https://en.wi
Las Vegas Raiders,1999,Request failed: 404 Client Error: Not Found for url: https://en.wi
Las Vegas Raiders,2000,Request failed: 404 Client Error: Not Found for url: https://en.wi
Detroit Lions,1982,No staff data found
Las Vegas Raiders,2004,Request failed: 404 Client Error: Not Found for url: https://en.wi
Las Vegas Raiders,2005,Request failed: 404 Client Error: Not Found for url: https://en.wi
Las Vegas Raiders,1994,Request failed: 404 Client Error: Not Found for url: https://en.wi
Las Vegas Raiders,2010,Request failed: 404 Client Error: Not Found for url: https://en.wi
Detroit Lions,1983,No staff data found
Las Vegas Raiders,2006,Request failed: 404 Client Error: Not Found for url: https://en.wi
Las Vegas Raiders,2011,Request failed: 404 Client Error: Not Found for url: https://en.wi
Las Vegas Raiders,2008,Request failed: 404 Client Error: Not Found for url: https://en.wi
Las Vegas Raiders,2012,Request failed: 404 Client Error: Not Found for url: https://en.wi
Las Vegas Raiders,2009,Request failed: 404 Client Error: Not Found for url: https://en.wi
Las Vegas Raiders,2007,Request failed: 404 Client Error: Not Found for url: https://en.wi
Las Vegas Raiders,2015,Request failed: 404 Client Error: Not Found for url: https://en.wi
Las Vegas Raiders,2013,Request failed: 404 Client Error: Not Found for url: https://en.wi
Las Vegas Raiders,2016,Request failed: 404 Client Error: Not Found for url: https://en.wi
Las Vegas Raiders,2014,Request failed: 404 Client Error: Not Found for url: https://en.wi
Las Vegas Raiders,2018,Request failed: 404 Client Error: Not Found for url: https://en.wi
Los Angeles Chargers,1985,Request failed: 404 Client Error: Not Found for url: https://en.wi
Los Angeles Chargers,1983,Request failed: 404 Client Error: Not Found for url: https://en.wi
Las Vegas Raiders,2017,Request failed: 404 Client Error: Not Found for url: https://en.wi
Los Angeles Chargers,1986,Request failed: 404 Client Error: Not Found for url: https://en.wi
Dallas Cowboys,1988,No staff data found
Los Angeles Chargers,2002,Request failed: 404 Client Error: Not Found for url: https://en.wi
Los Angeles Chargers,1984,Request failed: 404 Client Error: Not Found for url: https://en.wi
Los Angeles Chargers,2000,Request failed: 404 Client Error: Not Found for url: https://en.wi
Los Angeles Chargers,2004,Request failed: 404 Client Error: Not Found for url: https://en.wi
Los Angeles Chargers,2006,Request failed: 404 Client Error: Not Found for url: https://en.wi
Los Angeles Chargers,2010,Request failed: 404 Client Error: Not Found for url: https://en.wi
Los Angeles Chargers,2001,Request failed: 404 Client Error: Not Found for url: https://en.wi
Dallas Cowboys,1983,No staff data found
Detroit Lions,1980,No staff data found
Los Angeles Chargers,2003,Request failed: 404 Client Error: Not Found for url: https://en.wi
Los Angeles Chargers,2005,Request failed: 404 Client Error: Not Found for url: https://en.wi
Los Angeles Chargers,2008,Request failed: 404 Client Error: Not Found for url: https://en.wi
Los Angeles Chargers,2011,Request failed: 404 Client Error: Not Found for url: https://en.wi
Los Angeles Chargers,2007,Request failed: 404 Client Error: Not Found for url: https://en.wi
Los Angeles Chargers,2014,Request failed: 404 Client Error: Not Found for url: https://en.wi
Los Angeles Chargers,2016,Request failed: 404 Client Error: Not Found for url: https://en.wi
Los Angeles Chargers,1999,Request failed: 404 Client Error: Not Found for url: https://en.wi
Los Angeles Chargers,2013,Request failed: 404 Client Error: Not Found for url: https://en.wi
Los Angeles Chargers,2012,Request failed: 404 Client Error: Not Found for url: https://en.wi
Los Angeles Chargers,2015,Request failed: 404 Client Error: Not Found for url: https://en.wi
Los Angeles Rams,1982,Request failed: 404 Client Error: Not Found for url: https://en.wi
Los Angeles Rams,1986,Request failed: 404 Client Error: Not Found for url: https://en.wi
Los Angeles Chargers,2009,Request failed: 404 Client Error: Not Found for url: https://en.wi
Los Angeles Rams,1987,Request failed: 404 Client Error: Not Found for url: https://en.wi
Los Angeles Rams,1984,Request failed: 404 Client Error: Not Found for url: https://en.wi
Los Angeles Rams,1988,Request failed: 404 Client Error: Not Found for url: https://en.wi
Los Angeles Rams,1990,Request failed: 404 Client Error: Not Found for url: https://en.wi
Los Angeles Rams,1993,Request failed: 404 Client Error: Not Found for url: https://en.wi
Los Angeles Rams,1989,Request failed: 404 Client Error: Not Found for url: https://en.wi
Los Angeles Rams,1983,Request failed: 404 Client Error: Not Found for url: https://en.wi
Detroit Lions,1984,No staff data found
Los Angeles Rams,1991,Request failed: 404 Client Error: Not Found for url: https://en.wi
Los Angeles Rams,1992,Request failed: 404 Client Error: Not Found for url: https://en.wi
Los Angeles Rams,1981,Request failed: 404 Client Error: Not Found for url: https://en.wi
Los Angeles Rams,1985,Request failed: 404 Client Error: Not Found for url: https://en.wi
Dallas Cowboys,2008,No staff data found
Detroit Lions,2006,No staff data found
Dallas Cowboys,2007,No staff data found
Los Angeles Rams,1998,No staff data found
Dallas Cowboys,2003,No staff data found
Indianapolis Colts,2004,No staff data found
Los Angeles Rams,1997,No staff data found
Los Angeles Rams,2005,No staff data found
Miami Dolphins,1998,No staff data found
Dallas Cowboys,2009,No staff data found
Indianapolis Colts,2005,No staff data found
Los Angeles Rams,2003,No staff data found
Miami Dolphins,1995,No staff data found
Los Angeles Rams,2002,No staff data found
Indianapolis Colts,2003,No staff data found
Los Angeles Rams,2004,No staff data found
Jacksonville Jaguars,2008,No staff data found
Cleveland Browns,1996,No staff data found
Minnesota Vikings,1983,No staff data found
Minnesota Vikings,1980,No staff data found
Cleveland Browns,1997,No staff data found
New York Giants,1989,No staff data found
Tennessee Titans,1983,Request failed: 404 Client Error: Not Found for url: https://en.wi
Cleveland Browns,1998,No staff data found
Tennessee Titans,1985,Request failed: 404 Client Error: Not Found for url: https://en.wi
Tennessee Titans,1986,Request failed: 404 Client Error: Not Found for url: https://en.wi
New York Jets,1984,No staff data found
Minnesota Vikings,1982,No staff data found
Minnesota Vikings,1981,No staff data found
Tennessee Titans,1987,Request failed: 404 Client Error: Not Found for url: https://en.wi
Tennessee Titans,1989,Request failed: 404 Client Error: Not Found for url: https://en.wi
Tennessee Titans,1984,Request failed: 404 Client Error: Not Found for url: https://en.wi
Tennessee Titans,1991,Request failed: 404 Client Error: Not Found for url: https://en.wi
New York Jets,1983,No staff data found
Tennessee Titans,1988,Request failed: 404 Client Error: Not Found for url: https://en.wi
Tennessee Titans,1993,Request failed: 404 Client Error: Not Found for url: https://en.wi
Tennessee Titans,1981,Request failed: 404 Client Error: Not Found for url: https://en.wi
Tennessee Titans,1990,Request failed: 404 Client Error: Not Found for url: https://en.wi
Tennessee Titans,1996,Request failed: 404 Client Error: Not Found for url: https://en.wi
Tennessee Titans,1995,Request failed: 404 Client Error: Not Found for url: https://en.wi
Tennessee Titans,1994,Request failed: 404 Client Error: Not Found for url: https://en.wi
Tennessee Titans,1998,Request failed: 404 Client Error: Not Found for url: https://en.wi
Tennessee Titans,1982,Request failed: 404 Client Error: Not Found for url: https://en.wi
Green Bay Packers,2007,No staff data found
Tennessee Titans,1992,Request failed: 404 Client Error: Not Found for url: https://en.wi
New York Jets,1999,No staff data found
Washington Commanders,1983,Request failed: 404 Client Error: Not Found for url: https://en.wi
Washington Commanders,1981,Request failed: 404 Client Error: Not Found for url: https://en.wi
Miami Dolphins,1999,No staff data found
Washington Commanders,1984,Request failed: 404 Client Error: Not Found for url: https://en.wi
Washington Commanders,1987,Request failed: 404 Client Error: Not Found for url: https://en.wi
Washington Commanders,1985,Request failed: 404 Client Error: Not Found for url: https://en.wi
New York Jets,1997,No staff data found
Washington Commanders,1986,Request failed: 404 Client Error: Not Found for url: https://en.wi
Washington Commanders,1992,Request failed: 404 Client Error: Not Found for url: https://en.wi
Washington Commanders,1988,Request failed: 404 Client Error: Not Found for url: https://en.wi
Washington Commanders,1990,Request failed: 404 Client Error: Not Found for url: https://en.wi
New York Giants,1991,No staff data found
Washington Commanders,1982,Request failed: 404 Client Error: Not Found for url: https://en.wi
Washington Commanders,1989,Request failed: 404 Client Error: Not Found for url: https://en.wi
Washington Commanders,1993,Request failed: 404 Client Error: Not Found for url: https://en.wi
Los Angeles Rams,2000,No staff data found
Washington Commanders,1991,Request failed: 404 Client Error: Not Found for url: https://en.wi
Indianapolis Colts,2006,No staff data found
Washington Commanders,1994,Request failed: 404 Client Error: Not Found for url: https://en.wi
Washington Commanders,1995,Request failed: 404 Client Error: Not Found for url: https://en.wi
Washington Commanders,1998,Request failed: 404 Client Error: Not Found for url: https://en.wi
Washington Commanders,1997,Request failed: 404 Client Error: Not Found for url: https://en.wi
Washington Commanders,1999,Request failed: 404 Client Error: Not Found for url: https://en.wi
Washington Commanders,1996,Request failed: 404 Client Error: Not Found for url: https://en.wi
Kansas City Chiefs,2007,No staff data found
New York Giants,2005,No staff data found
New York Jets,1998,No staff data found
Tampa Bay Buccaneers,1989,No staff data found
New York Jets,1986,No staff data found
Tampa Bay Buccaneers,1990,No staff data found
New York Giants,1992,No staff data found
Washington Commanders,2003,No staff data found
Denver Broncos,2021,No staff data found
New York Giants,2003,No staff data found
Denver Broncos,2022,No staff data found
New York Giants,1997,No staff data found
New York Giants,2004,No staff data found
Tennessee Titans,2006,No staff data found
Denver Broncos,2023,No staff data found
San Francisco 49ers,2004,No staff data found
Washington Commanders,2004,No staff data found
Tennessee Titans,2009,No staff data found
Tennessee Titans,2007,No staff data found
Kansas City Chiefs,2008,No staff data found
Tennessee Titans,2008,No staff data found
New York Giants,1999,No staff data found
Tennessee Titans,2014,No staff data found
New York Jets,1982,No staff data found
Washington Commanders,2007,No staff data found
Seattle Seahawks,2007,No staff data found
